{
  "baseline": {
    "prompt": "You are an agent playing Crafter, a survival crafting game. Your goal is to survive and unlock achievements. Analyze images to understand surroundings, inventory, health, resources. Use crafter_interact tool. Key: 'do' only works adjacent to resources (tree, stone, cow, plant). Craft progression: wood -> table -> wood_pickaxe -> stone -> stone_pickaxe. Actions: move_left, move_right, move_up, move_down, do, sleep, place_stone, place_table, place_furnace, place_plant, make_wood_pickaxe, make_stone_pickaxe, make_iron_pickaxe, make_wood_sword, make_stone_sword, make_iron_sword, noop. Return 2-5 actions per decision.",
    "mean": 0.2162833333333333,
    "max": 0.2675,
    "scores": [
      0.22583333333333333,
      0.20616666666666666,
      0.19916666666666666,
      0.23483333333333334,
      0.20116666666666666,
      0.22583333333333333,
      0.2675,
      0.20616666666666666,
      0.23583333333333334,
      0.22583333333333333,
      0.259,
      0.19916666666666666,
      0.23283333333333334,
      0.20866666666666667,
      0.24083333333333334,
      0.18,
      0.20616666666666666,
      0.20666666666666667,
      0.22733333333333333,
      0.21416666666666667,
      0.22583333333333333,
      0.1725,
      0.22583333333333333,
      0.20666666666666667,
      0.21416666666666667,
      0.21416666666666667,
      0.19916666666666666,
      0.21366666666666667,
      0.19916666666666666,
      0.21416666666666667
    ],
    "achievement_counts": {
      "collect_drink": 3,
      "collect_wood": 8,
      "collect_sapling": 24,
      "eat_cow": 1,
      "place_plant": 5,
      "wake_up": 1
    }
  },
  "optimized": {
    "prompt": "You will receive images from the game Crafter alongside text describing your current state and available actions. Your task is to analyze these images to understand the agent\u2019s surroundings, inventory, health, and nearby resources. Use this understanding to decide the next 2 to 5 actions to survive and unlock achievements.\n\nKey premises: \n- The 'do' action only works when adjacent to a resource (tree, stone, cow, plant).\n- Crafting progression is: wood \u2192 table \u2192 wood_pickaxe \u2192 stone \u2192 stone_pickaxe.\n- Available actions include movement (move_left, move_right, move_up, move_down), interaction (do), crafting, placing objects, sleeping, and noop.\n  \nContext: \nCrafter is a survival crafting game where resource gathering, crafting tools, and strategic movement are essential to progress and survive.\n\nPrioritize actions that gather resources efficiently, craft necessary tools following the progression, and maintain health.\n\nHeuristics: \n- Identify resources adjacent to the agent before using 'do'.\n- Move towards resources if none are adjacent.\n- Craft tools only when required materials are available.\n- Avoid redundant or impossible actions (e.g., 'do' when no resource is adjacent).\n\nConstraints: \n- Return 2 to 5 valid actions per decision.\n- Use only actions listed.\n- Never use 'do' unless adjacent to a valid resource.\n\nOutput: \nReturn your chosen actions as a JSON object with the key \"actions_list\" listing 2 to 5 actions in order, plus a brief \"reasoning\" explaining your choices.",
    "mean": 0.20585,
    "max": 0.2525,
    "scores": [
      0.19916666666666666,
      0.20216666666666666,
      0.19916666666666666,
      0.1875,
      0.19966666666666666,
      0.19916666666666666,
      0.20066666666666666,
      0.19916666666666666,
      0.20016666666666666,
      0.19916666666666666,
      0.19966666666666666,
      0.20016666666666666,
      0.2525,
      0.19916666666666666,
      0.1735,
      0.22583333333333333,
      0.2525,
      0.19966666666666666,
      0.19866666666666666,
      0.19916666666666666,
      0.20016666666666666,
      0.20066666666666666,
      0.1745,
      0.23033333333333333,
      0.23133333333333334,
      0.19916666666666666,
      0.20116666666666666,
      0.19916666666666666,
      0.22633333333333333,
      0.22583333333333333
    ],
    "achievement_counts": {
      "collect_drink": 2,
      "collect_wood": 13,
      "collect_sapling": 21,
      "eat_cow": 0,
      "place_plant": 0,
      "wake_up": 0
    }
  },
  "comparison": {
    "seeds": [
      0,
      1,
      2,
      3,
      4,
      5,
      6,
      7,
      8,
      9,
      10,
      11,
      12,
      13,
      14,
      15,
      16,
      17,
      18,
      19,
      20,
      21,
      22,
      23,
      24,
      25,
      26,
      27,
      28,
      29
    ],
    "max_turns": 15,
    "wins": 10,
    "ties": 1,
    "losses": 19,
    "mean_improvement": -0.010433333333333294,
    "max_improvement": -0.015000000000000013
  }
}